{
  "framework": "nextjs",
  "buildCommand": "npm run build",
  "outputDirectory": ".next",
  "installCommand": "npm install",
  "devCommand": "npm run dev",
  "regions": ["iad1"],
  "functions": {
    "src/app/api/**/*.ts": {
      "runtime": "nodejs18.x"
    }
  },
  "headers": [
    {
      "source": "/(.*)",
      "headers": [
        {
          "key": "X-Content-Type-Options",
          "value": "nosniff"
        },
        {
          "key": "X-Frame-Options",
          "value": "DENY"
        },
        {
          "key": "X-XSS-Protection",
          "value": "1; mode=block"
        }
      ]
    }
  ],
  "rewrites": [
    {
      "source": "/sitemap.xml",
      "destination": "/sitemap.xml"
    },
    {
      "source": "/robots.txt",
      "destination": "/robots.txt"
    }
  ]
}

